Training Accuracy,Testing Accuracy,Validation Accuracy
72.35057353973389,68.29445958137512,51.33779048919678
