Accuracy,Precision,Sensitivity_recall,Specificity,F1_score
51.33779264214047,100.0,2.6755852842809364,100.0,5.211726384364821
