Accuracy,Precision,Sensitivity_recall,Specificity,F1_score
96.15384615384616,100.0,92.3076923076923,100.0,96.00000000000001
