Accuracy,Precision,Sensitivity_recall,Specificity,F1_score
69.23076923076923,66.4756446991404,77.59197324414716,60.86956521739131,71.60493827160495
