Training Accuracy,Testing Accuracy,Validation Accuracy
73.14255833625793,66.36297106742859,69.2307710647583
