Training Accuracy,Testing Accuracy,Validation Accuracy
91.79999828338623,87.40000128746033,88.40000033378601
