Accuracy,Precision,Sensitivity_recall,Specificity,F1_score
32.0,[32. 32.  0.],[59.25925926 51.61290323  0.        ],[59.25925926 51.61290323  0.        ],[41.55844156 39.50617284  0.        ]
