Accuracy,Precision,Sensitivity_recall,Specificity,F1_score
78.81828316610925,[87.17201166 65.0273224  90.42553191],[100.          79.59866221  56.85618729],[100.          79.59866221  56.85618729],[93.14641745 71.57894737 69.81519507]
