Training Accuracy,Testing Accuracy,Validation Accuracy
87.69999742507935,83.99999737739563,84.28093791007996
