Training Accuracy,Testing Accuracy,Validation Accuracy
87.88396120071411,86.00583076477051,90.80267548561096
