Training Accuracy,Testing Accuracy,Validation Accuracy
97.42441177368164,75.70093274116516,30.500000715255737
