Training Accuracy,Testing Accuracy,Validation Accuracy
98.43224883079529,83.17757248878479,51.99999809265137
