Accuracy,Precision,Sensitivity_recall,Specificity,F1_score
90.80267558528428,91.21621621621621,90.3010033444816,91.30434782608695,90.75630252100841
