Accuracy,Precision,Sensitivity_recall,Specificity,F1_score
31.5,[31.37254902 31.63265306  0.        ],[59.25925926 50.          0.        ],[59.25925926 50.          0.        ],[41.02564103 38.75        0.        ]
