Accuracy,Precision,Sensitivity_recall,Specificity,F1_score
85.11705685618729,92.6829268292683,76.2541806020067,93.9799331103679,83.6697247706422
