Testing Accuracy,Validation Accuracy
54.500001668930054,50.50167441368103
