Accuracy,Precision,Sensitivity_recall,Specificity,F1_score
51.50501672240802,52.331606217616574,33.77926421404682,69.23076923076923,41.05691056910569
